-- MySQL dump 10.13  Distrib 8.0.27, for Linux (x86_64)
--
-- Host: localhost    Database: Gestion_Alimentation
-- ------------------------------------------------------
-- Server version	8.0.27

/*!40101 SET @OLD_CHARACTER_SET_CLIENT=@@CHARACTER_SET_CLIENT */;
/*!40101 SET @OLD_CHARACTER_SET_RESULTS=@@CHARACTER_SET_RESULTS */;
/*!40101 SET @OLD_COLLATION_CONNECTION=@@COLLATION_CONNECTION */;
/*!50503 SET NAMES utf8mb4 */;
/*!40103 SET @OLD_TIME_ZONE=@@TIME_ZONE */;
/*!40103 SET TIME_ZONE='+00:00' */;
/*!40014 SET @OLD_UNIQUE_CHECKS=@@UNIQUE_CHECKS, UNIQUE_CHECKS=0 */;
/*!40014 SET @OLD_FOREIGN_KEY_CHECKS=@@FOREIGN_KEY_CHECKS, FOREIGN_KEY_CHECKS=0 */;
/*!40101 SET @OLD_SQL_MODE=@@SQL_MODE, SQL_MODE='NO_AUTO_VALUE_ON_ZERO' */;
/*!40111 SET @OLD_SQL_NOTES=@@SQL_NOTES, SQL_NOTES=0 */;

--
-- Table structure for table `client`
--

DROP TABLE IF EXISTS `client`;
/*!40101 SET @saved_cs_client     = @@character_set_client */;
/*!50503 SET character_set_client = utf8mb4 */;
CREATE TABLE `client` (
  `id_client` int unsigned NOT NULL AUTO_INCREMENT,
  `name` varchar(30) NOT NULL,
  `prenom` varchar(200) DEFAULT NULL,
  `contact` int DEFAULT NULL,
  PRIMARY KEY (`id_client`)
) ENGINE=InnoDB AUTO_INCREMENT=201 DEFAULT CHARSET=utf8mb4 COLLATE=utf8mb4_0900_ai_ci;
/*!40101 SET character_set_client = @saved_cs_client */;

--
-- Dumping data for table `client`
--

LOCK TABLES `client` WRITE;
/*!40000 ALTER TABLE `client` DISABLE KEYS */;
INSERT INTO `client` VALUES (1,'Bruno','Jeffrey',9900000),(2,'Marion','Silvain',9900001),(3,'Dulci','Kore',9900002),(4,'Viviene','Welby',9900003),(5,'Gerome','Farlay',9900004),(6,'Malissia','Bucky',9900005),(7,'Ginnie','Clerissa',9900006),(8,'Alfy','Emyle',9900007),(9,'Adele','Ham',9900008),(10,'Bettye','Mufi',9900009),(11,'Briggs','Olin',9900010),(12,'Brian','Chrotoem',9900011),(13,'Ottilie','Tybalt',9900012),(14,'Urbano','Spike',9900013),(15,'Bonni','Daniella',9900014),(16,'Xerxes','Quintus',9900015),(17,'Aimil','Linet',9900016),(18,'Stefa','Woodman',9900017),(19,'Brant','Lucais',9900018),(20,'Rolph','Lewes',9900019),(21,'Arden','Melvyn',9900020),(22,'Bili','Durward',9900021),(23,'Easter','Zuzana',9900022),(24,'Robinette','Joannes',9900023),(25,'Rasia','Julieta',9900024),(26,'Tyson','Giff',9900025),(27,'Jack','Cristie',9900026),(28,'Darn','Morse',9900027),(29,'Salomone','Jayne',9900028),(30,'Seline','Woodrow',9900029),(31,'Donaugh','Jeniece',9900030),(32,'Therine','Brant',9900031),(33,'Katherina','Isaac',9900032),(34,'Perice','Carina',9900033),(35,'Elysee','Romeo',9900034),(36,'Delmor','Sterne',9900035),(37,'Jennette','Tito',9900036),(38,'Ellene','Fleur',9900037),(39,'Kennett','Shellie',9900038),(40,'Mady','Jeanne',9900039),(41,'Lauritz','Haley',9900040),(42,'Gibbie','Coretta',9900041),(43,'Kaye','Goober',9900042),(44,'Felice','Tann',9900043),(45,'Janaya','Judye',9900044),(46,'Erika','Casar',9900045),(47,'Issy','Tatum',9900046),(48,'Kelley','Cory',9900047),(49,'Jamey','Corinna',9900048),(50,'Beale','Conant',9900049),(51,'Maryl','Linnea',9900050),(52,'Ringo','Kennedy',9900051),(53,'Leta','Gallagher',9900052),(54,'Babette','Walliw',9900053),(55,'Clyve','Yasmin',9900054),(56,'Homere','Kendal',9900055),(57,'Bettine','Merrilee',9900056),(58,'Alla','Farrand',9900057),(59,'Ximenez','Sher',9900058),(60,'Parsifal','Irvin',9900059),(61,'Rubie','Sarine',9900060),(62,'Forrester','Leonardo',9900061),(63,'Lilias','Kristian',9900062),(64,'Rudy','Alisun',9900063),(65,'Huberto','Shannen',9900064),(66,'Adan','Kent',9900065),(67,'Laurianne','Paloma',9900066),(68,'Kincaid','Charles',9900067),(69,'Frederico','Blondell',9900068),(70,'Kristel','Merv',9900069),(71,'Pinchas','Farleigh',9900070),(72,'Cindi','Cacilia',9900071),(73,'Tawsha','Joeann',9900072),(74,'Lynne','Candi',9900073),(75,'Almira','Yvette',9900074),(76,'Nikaniki','Kiah',9900075),(77,'Gabrielle','Goddard',9900076),(78,'Rebeka','Carolus',9900077),(79,'Chickie','Nichols',9900078),(80,'Adamo','Floyd',9900079),(81,'Helyn','Imojean',9900080),(82,'Kassie','Sally',9900081),(83,'Wilhelmina','Lotti',9900082),(84,'Odele','Ahmad',9900083),(85,'Phylys','Wilone',9900084),(86,'Marve','Selestina',9900085),(87,'Bennie','Thorin',9900086),(88,'Lorette','Ronny',9900087),(89,'Wilma','Constantina',9900088),(90,'Morse','Kathi',9900089),(91,'Reina','Milli',9900090),(92,'Rubi','Herb',9900091),(93,'Horatia','Milt',9900092),(94,'Venita','Fran',9900093),(95,'Granthem','Valentin',9900094),(96,'Juline','Sarene',9900095),(97,'Jenny','Nolly',9900096),(98,'Peyton','Morten',9900097),(99,'Karilynn','Ches',9900098),(100,'Shannon','Ingeborg',9900099),(101,'Jayne','Celisse',9900100),(102,'Giff','Hector',9900101),(103,'Gusta','Carmela',9900102),(104,'Ammamaria','Edward',9900103),(105,'Camile','Celestina',9900104),(106,'Leon','Giselle',9900105),(107,'Clarey','Chelsea',9900106),(108,'Christiane','Tildie',9900107),(109,'Dorri','Torey',9900108),(110,'Sansone','Imelda',9900109),(111,'Alfy','Kort',9900110),(112,'Shanta','Fidelio',9900111),(113,'Cly','Heddie',9900112),(114,'Alvira','Kahlil',9900113),(115,'Rip','Miles',9900114),(116,'Arleyne','Elnore',9900115),(117,'Eunice','Enrika',9900116),(118,'Drew','Quint',9900117),(119,'Rowan','Gwyn',9900118),(120,'Ronnie','Wiatt',9900119),(121,'Suzie','Austine',9900120),(122,'Judye','Sigismondo',9900121),(123,'Carlyn','Brier',9900122),(124,'Donielle','Isadore',9900123),(125,'Desdemona','Dougy',9900124),(126,'Cesare','Adorne',9900125),(127,'Huntlee','Myrlene',9900126),(128,'Lianna','Tiffie',9900127),(129,'Clarita','Banky',9900128),(130,'Denni','Maible',9900129),(131,'Burch','Isidoro',9900130),(132,'Noelyn','Gunner',9900131),(133,'Rebecca','Gilbert',9900132),(134,'Cecilius','Adah',9900133),(135,'Christy','Ian',9900134),(136,'Alvina','Roy',9900135),(137,'Madlin','Cathrine',9900136),(138,'Peria','Alethea',9900137),(139,'Morty','Julienne',9900138),(140,'Rowe','Eadith',9900139),(141,'Stillmann','Viviene',9900140),(142,'Billy','Virge',9900141),(143,'Niccolo','Avie',9900142),(144,'Wittie','Joshia',9900143),(145,'My','Arin',9900144),(146,'Zollie','Delmore',9900145),(147,'Ivar','Mirabelle',9900146),(148,'Thurston','Almire',9900147),(149,'Devlin','Wilow',9900148),(150,'Shayla','Ilaire',9900149),(151,'Kristopher','Chaddy',9900150),(152,'Hortensia','Kimberley',9900151),(153,'Suzette','Catlaina',9900152),(154,'Kandy','Abbie',9900153),(155,'Mattheus','Kerr',9900154),(156,'Anselma','Jeramey',9900155),(157,'Sasha','Hurley',9900156),(158,'Ludovico','Brigitte',9900157),(159,'Boycie','Bibbie',9900158),(160,'Rochell','Shirl',9900159),(161,'Mord','Bunni',9900160),(162,'Coleman','Frederick',9900161),(163,'Chauncey','Dorey',9900162),(164,'Dannie','Fremont',9900163),(165,'Elisabet','Sibyl',9900164),(166,'Audry','Onida',9900165),(167,'Arabel','Nydia',9900166),(168,'Deck','Kissiah',9900167),(169,'Andi','Micky',9900168),(170,'Garland','Dulcinea',9900169),(171,'Skyler','Abagail',9900170),(172,'Kory','Findley',9900171),(173,'Clemente','Kirstyn',9900172),(174,'Emmey','Coralyn',9900173),(175,'Alix','Immanuel',9900174),(176,'Evvy','Mollee',9900175),(177,'Trever','Joelie',9900176),(178,'Romeo','Goran',9900177),(179,'Eduino','Brew',9900178),(180,'Garrek','Alano',9900179),(181,'Marilin','Mufi',9900180),(182,'Perry','Edi',9900181),(183,'Lou','Candy',9900182),(184,'Starlin','Kip',9900183),(185,'Loydie','Solly',9900184),(186,'Jarrad','Tabbatha',9900185),(187,'Bale','Lissi',9900186),(188,'Fiorenze','Colas',9900187),(189,'Conchita','Patrica',9900188),(190,'Rouvin','Danice',9900189),(191,'Leona','Gratiana',9900190),(192,'Bertram','Stevie',9900191),(193,'Leroy','Lorna',9900192),(194,'Jereme','Leon',9900193),(195,'Peirce','Diandra',9900194),(196,'Ambrosi','Aguste',9900195),(197,'Jill','Stanly',9900196),(198,'Randi','Sybila',9900197),(199,'Carter','Nedda',9900198),(200,'Noemi','Micah',9900199);
/*!40000 ALTER TABLE `client` ENABLE KEYS */;
UNLOCK TABLES;

--
-- Table structure for table `commande`
--

DROP TABLE IF EXISTS `commande`;
/*!40101 SET @saved_cs_client     = @@character_set_client */;
/*!50503 SET character_set_client = utf8mb4 */;
CREATE TABLE `commande` (
  `id_commande` int unsigned NOT NULL AUTO_INCREMENT,
  `libellé` varchar(255) NOT NULL,
  `caracteristique` text,
  `quantité` varchar(155) NOT NULL,
  `id_client` int unsigned NOT NULL,
  PRIMARY KEY (`id_commande`),
  KEY `id` (`id_commande`,`id_client`),
  KEY `tbl_commande` (`id_commande`),
  KEY `tbl_command` (`id_client`),
  CONSTRAINT `tbl_command` FOREIGN KEY (`id_client`) REFERENCES `client` (`id_client`) ON DELETE CASCADE ON UPDATE CASCADE
) ENGINE=InnoDB AUTO_INCREMENT=301 DEFAULT CHARSET=utf8mb3;
/*!40101 SET character_set_client = @saved_cs_client */;

--
-- Dumping data for table `commande`
--

LOCK TABLES `commande` WRITE;
/*!40000 ALTER TABLE `commande` DISABLE KEYS */;
INSERT INTO `commande` VALUES (1,'Joellyn','Corkery-Schamberger','1',8),(2,'Laetitia','Yundt Group','2',135),(3,'Eduard','Sipes, Collier and Bechtelar','3',155),(4,'Brear','Kiehn LLC','4',199),(5,'Jule','Harvey-Quitzon','5',39),(6,'Christine','Medhurst-Gerhold','6',52),(7,'Sullivan','Brown-Harber','7',78),(8,'Lorilee','Mann, Stark and Altenwerth','8',187),(9,'Conan','Moen and Sons','9',167),(10,'Chickie','Schultz-Pfeffer','10',24),(11,'Elsy','Graham Group','11',115),(12,'Maggi','Jacobs LLC','12',10),(13,'Wake','Harris Group','13',86),(14,'Camellia','Cronin-Fay','14',102),(15,'Devi','Conn Group','15',179),(16,'Tonie','Gottlieb LLC','16',137),(17,'Stillmann','Koss Group','17',180),(18,'Bird','Blanda-Kuhlman','18',32),(19,'Rozele','Metz, Stroman and VonRueden','19',196),(20,'Edi','Thiel, McGlynn and Morissette','20',132),(21,'Ivy','Sporer-Metz','21',81),(22,'Nert','Schultz, Abernathy and Schaden','22',141),(23,'Gran','Swift-Kohler','23',68),(24,'Abran','Steuber, Kuvalis and O\'Reilly','24',33),(25,'Currie','Treutel-Grimes','25',29),(26,'Andrei','Davis LLC','26',62),(27,'Alfie','Heller, Klein and Jakubowski','27',18),(28,'Corrinne','Watsica-McCullough','28',82),(29,'Levey','Strosin-Connelly','29',197),(30,'Arthur','Treutel, Huels and Schowalter','30',135),(31,'Jammie','Parker Inc','31',189),(32,'Gusta','Bruen, Quigley and Ferry','32',51),(33,'Linell','Kautzer LLC','33',151),(34,'Svend','McLaughlin, Zboncak and Crist','34',129),(35,'Rona','Ondricka Group','35',198),(36,'Tanhya','Denesik-Gislason','36',138),(37,'Jenelle','Hagenes-Nolan','37',113),(38,'Saundra','Johnston, Johnson and Kozey','38',128),(39,'Goldia','Crist and Sons','39',63),(40,'Eolande','Farrell-Gusikowski','40',149),(41,'Cale','McDermott-King','41',172),(42,'Katharine','Weimann LLC','42',167),(43,'Aridatha','Langosh LLC','43',192),(44,'Mathian','Hodkiewicz-Herman','44',4),(45,'Hinze','Ruecker Group','45',133),(46,'Maggy','Von, Kling and Hoppe','46',53),(47,'Twila','Pagac-Jast','47',80),(48,'Javier','Douglas Inc','48',140),(49,'Cicily','Hilpert, Bashirian and Stroman','49',162),(50,'Arni','Jerde, Boehm and Weber','50',2),(51,'Nathanil','Parker and Sons','51',45),(52,'Annabelle','Padberg-Reilly','52',178),(53,'Eileen','Dooley Inc','53',100),(54,'Gradey','Deckow, Lang and Kihn','54',186),(55,'Joice','Abernathy, Haag and Hansen','55',17),(56,'Petronilla','Littel, Wilderman and Yundt','56',41),(57,'Glenn','Schneider, Mayert and Cartwright','57',103),(58,'Jaquelin','Mueller, Denesik and D\'Amore','58',135),(59,'Ethel','Nader, Hettinger and Brown','59',57),(60,'Allister','Schamberger, Baumbach and Wilderman','60',127),(61,'Farand','Kovacek LLC','61',67),(62,'Anne-corinne','Klein, Thompson and Moore','62',79),(63,'Arin','Hahn LLC','63',69),(64,'Cirilo','Metz, Moen and Ruecker','64',170),(65,'Addi','Green, Robel and Goyette','65',192),(66,'Nanete','Zulauf Group','66',71),(67,'Katerine','Lesch Group','67',76),(68,'Mirelle','Spencer-Mills','68',27),(69,'Gerta','Tillman-Schaden','69',189),(70,'Olga','Schamberger-Kemmer','70',83),(71,'Price','Dibbert-Lesch','71',180),(72,'Brianna','Koelpin, Schmitt and Flatley','72',197),(73,'Mendel','Hahn-Blick','73',192),(74,'Yorke','Bayer-McClure','74',63),(75,'Sib','Douglas Inc','75',8),(76,'Roz','Hahn, Krajcik and Wehner','76',43),(77,'Sonnnie','Becker, Kshlerin and Hansen','77',160),(78,'Nicolea','Connelly-Heathcote','78',96),(79,'Virgie','Runolfsson-Boehm','79',81),(80,'Webb','Mayert, Prohaska and Stoltenberg','80',177),(81,'Kelsey','Wilderman-Paucek','81',25),(82,'Jaye','Collier and Sons','82',140),(83,'Ashley','Reinger-Bernier','83',72),(84,'Bart','Schmeler-Buckridge','84',28),(85,'Roberto','Muller Group','85',124),(86,'Dacey','Hagenes and Sons','86',80),(87,'Joshia','Lehner LLC','87',89),(88,'Donalt','Ferry, Sanford and Towne','88',18),(89,'Regina','Bogan, Blanda and Armstrong','89',135),(90,'Terri-jo','Keebler, Goldner and Dibbert','90',111),(91,'Opaline','Senger-Anderson','91',147),(92,'Ellynn','McCullough Group','92',153),(93,'Tedmund','Connelly, Kassulke and Goyette','93',37),(94,'Nada','Streich and Sons','94',21),(95,'Ferdinanda','Russel Group','95',79),(96,'Iorgo','Lehner-Lemke','96',176),(97,'Kristo','Kautzer, Beatty and O\'Keefe','97',1),(98,'Siward','Mueller and Sons','98',40),(99,'Shaylah','Welch, Bogisich and Windler','99',169),(100,'Jonie','Kerluke, Kub and Goodwin','100',38),(101,'Chandler','Frami LLC','101',5),(102,'Martyn','Grimes-Effertz','102',2),(103,'Karney','Rath, Kling and Streich','103',77),(104,'Tobiah','Kerluke Group','104',83),(105,'Michael','Abernathy, Dibbert and Shields','105',85),(106,'Erastus','Corwin-O\'Kon','106',191),(107,'Terrye','Wisoky-Kulas','107',50),(108,'Bing','Greenholt-O\'Reilly','108',183),(109,'Austin','Monahan-Thompson','109',111),(110,'Marne','Crona Inc','110',98),(111,'Tiertza','Maggio LLC','111',91),(112,'Carmelia','Mosciski-Marvin','112',11),(113,'Kinsley','Hegmann-Jacobs','113',84),(114,'Den','Skiles-Collier','114',170),(115,'Tammy','Cummerata, Dickens and Stark','115',84),(116,'Horace','Jacobi, Waelchi and McClure','116',90),(117,'Ailee','Effertz-Littel','117',98),(118,'Trixie','MacGyver, Schoen and Gutmann','118',173),(119,'Juan','Bernier-Murazik','119',110),(120,'Tamarah','Abbott, Gislason and Deckow','120',141),(121,'Sigvard','D\'Amore, Tremblay and Batz','121',94),(122,'Molli','Harvey-Kuhic','122',57),(123,'Melita','Dibbert-Jones','123',62),(124,'Bendick','Kunde Inc','124',31),(125,'Madlin','Pfeffer, Willms and Kuvalis','125',135),(126,'Roxine','O\'Conner, Braun and Grimes','126',32),(127,'Pat','Harris, Kulas and Murphy','127',25),(128,'Yehudit','McClure, Champlin and Deckow','128',24),(129,'Briny','Bartell Group','129',154),(130,'Wat','Bednar LLC','130',39),(131,'Patrica','Towne-Lockman','131',159),(132,'Pepita','Nikolaus-Gleichner','132',67),(133,'Torrin','Tillman-Nader','133',87),(134,'Elbert','Zieme-Welch','134',94),(135,'Leonid','Quigley Inc','135',45),(136,'Ulric','Balistreri-Kshlerin','136',179),(137,'Iseabal','Turner LLC','137',94),(138,'Mathilda','Weber-Steuber','138',117),(139,'Forbes','Shanahan, Hauck and Bahringer','139',19),(140,'Corilla','Pollich Inc','140',196),(141,'Newton','Gorczany, Streich and Reichel','141',77),(142,'Mortimer','Cruickshank and Sons','142',166),(143,'Reena','Dibbert-Lemke','143',200),(144,'Marillin','Wiegand-Veum','144',95),(145,'Gustavus','Connelly, Green and Bartoletti','145',115),(146,'Burnaby','Beahan-Erdman','146',14),(147,'Garret','Monahan-Macejkovic','147',38),(148,'Devondra','Cruickshank, Schuster and Glover','148',115),(149,'Orelia','Klein-Abshire','149',52),(150,'Pascal','Koepp-Powlowski','150',50),(151,'Randolph','Rowe-Kirlin','151',54),(152,'Alaine','Marks, Lubowitz and Adams','152',18),(153,'Korrie','Corkery, Morar and Kohler','153',45),(154,'Della','Schaden Group','154',101),(155,'Frasier','Schuster, Kautzer and Krajcik','155',108),(156,'Gabriello','Gerhold-Jaskolski','156',134),(157,'Ellary','Gleason Inc','157',79),(158,'Florette','Walker Group','158',187),(159,'Melvyn','Roberts Group','159',139),(160,'Kennith','Windler, Herman and Reinger','160',91),(161,'Noella','Gottlieb, Luettgen and Bashirian','161',2),(162,'Stephen','Reilly, Cole and Schamberger','162',145),(163,'Cammi','Schiller-Gutkowski','163',161),(164,'Sylvia','Stanton and Sons','164',62),(165,'Shelley','Adams, Mitchell and Hamill','165',130),(166,'Tobin','Marks-Goyette','166',35),(167,'Camilla','Christiansen Inc','167',30),(168,'Marcellus','Stracke-Jakubowski','168',34),(169,'Riccardo','Pollich, Hagenes and Christiansen','169',168),(170,'Ginny','D\'Amore and Sons','170',183),(171,'Zackariah','Boyle-Bosco','171',125),(172,'Horten','Simonis-Kessler','172',10),(173,'Alyce','Jaskolski LLC','173',58),(174,'Neville','Hartmann Group','174',7),(175,'Frasquito','Bernhard-Murphy','175',32),(176,'Paige','Reilly, Hansen and Roob','176',154),(177,'Toddy','Deckow Group','177',129),(178,'Benedikta','Medhurst Group','178',92),(179,'Brant','Jerde-Lynch','179',77),(180,'Farrel','Corkery Inc','180',139),(181,'Archibold','Dooley and Sons','181',136),(182,'Abraham','Lueilwitz, Gorczany and Beier','182',160),(183,'Candy','Orn Group','183',86),(184,'Seline','Heller Inc','184',66),(185,'Myrtie','Nicolas, Armstrong and Hahn','185',89),(186,'Mina','Metz LLC','186',53),(187,'Tiffi','Stokes LLC','187',10),(188,'Ailsun','Dickinson-Pfeffer','188',42),(189,'Ninette','Weber, Cassin and O\'Kon','189',23),(190,'Norry','Reinger-Kub','190',126),(191,'Dion','Schoen Group','191',35),(192,'Winifield','Blick, Jast and D\'Amore','192',174),(193,'Elroy','Ward-Schmitt','193',30),(194,'Blanca','Gibson-Prosacco','194',134),(195,'Debora','Russel, Kihn and Hand','195',35),(196,'Arri','Ebert-Greenfelder','196',6),(197,'Iggy','Hilpert and Sons','197',20),(198,'Edeline','Waelchi, Crooks and Towne','198',69),(199,'Maryjane','Smitham, Conn and Heaney','199',194),(200,'Marena','Hodkiewicz and Sons','200',39),(201,'Gusti','Jones, Graham and Lubowitz','201',128),(202,'Ivy','Mitchell, Mohr and Bogisich','202',142),(203,'Rubin','Wisozk Inc','203',43),(204,'Preston','Kreiger, Kertzmann and Farrell','204',113),(205,'Mario','Haley and Sons','205',194),(206,'Ernest','Herman-Hilpert','206',174),(207,'Hermina','Farrell, Kiehn and Stanton','207',23),(208,'Clayson','Parisian-Ullrich','208',176),(209,'Juditha','Schultz and Sons','209',136),(210,'Roseline','Rau-Gulgowski','210',54),(211,'Wyatan','Kshlerin-Hahn','211',158),(212,'Koren','Parker and Sons','212',158),(213,'Rani','Bergnaum LLC','213',78),(214,'Caril','Fadel and Sons','214',43),(215,'Giacinta','Nitzsche, Veum and Cartwright','215',94),(216,'Alissa','Abernathy, Daniel and Kuvalis','216',151),(217,'Ferne','Conroy-Bartoletti','217',200),(218,'Hesther','Greenfelder-Koelpin','218',188),(219,'Randy','Kovacek, Hayes and Marks','219',10),(220,'Laryssa','Larson-Pfeffer','220',54),(221,'Tedie','Lakin LLC','221',29),(222,'Hammad','Gerlach, Tromp and Lindgren','222',61),(223,'Marcile','Friesen and Sons','223',144),(224,'Cam','Dicki and Sons','224',50),(225,'Terrie','Hickle and Sons','225',79),(226,'Tessie','Stokes-Gerhold','226',190),(227,'Gerti','Kulas-Weber','227',114),(228,'Margaretha','Barton and Sons','228',176),(229,'Velma','Bartoletti Group','229',97),(230,'Wesley','Blick-Ferry','230',116),(231,'Aron','Bode-Ratke','231',43),(232,'Elias','Hermann, Hackett and Stehr','232',38),(233,'Jedd','Lockman-Corwin','233',8),(234,'Franklyn','Grimes, Cummerata and Bailey','234',62),(235,'Edvard','Kirlin Group','235',173),(236,'Angelica','Thompson Inc','236',58),(237,'Law','Hahn, Green and Fahey','237',82),(238,'Ryun','Bednar-Konopelski','238',197),(239,'Jamima','Pacocha Group','239',179),(240,'Derrick','Ondricka, Veum and Mueller','240',110),(241,'Jaquelin','Franecki and Sons','241',74),(242,'Renard','Leannon, Maggio and Larson','242',29),(243,'Suki','Stanton LLC','243',197),(244,'Sinclair','Smitham, Kemmer and Botsford','244',127),(245,'Leonanie','Keeling-Boyer','245',184),(246,'Dorey','Kuphal, Hammes and Haley','246',21),(247,'Ferrel','Parisian-Weber','247',191),(248,'Kanya','Quitzon and Sons','248',37),(249,'Witty','Rice, Weimann and Hettinger','249',162),(250,'Annalee','Jenkins Group','250',62),(251,'Daniele','Ferry, Simonis and Dicki','251',59),(252,'Desirae','Abshire-Hintz','252',5),(253,'Clywd','Cruickshank, Langworth and Predovic','253',177),(254,'Cary','Hane-Waelchi','254',15),(255,'Marsiella','Will, Goyette and Kling','255',152),(256,'Hortense','Ward Inc','256',77),(257,'Marshall','Hahn Inc','257',131),(258,'Marisa','Dooley, Sawayn and Reinger','258',188),(259,'Shena','Erdman Group','259',110),(260,'Tory','Hintz Inc','260',149),(261,'Georgie','Conn-Becker','261',54),(262,'Lexy','Wolff-O\'Conner','262',65),(263,'Vincenz','Torphy-Kunde','263',187),(264,'Arlan','Haag-Johns','264',160),(265,'Sandy','Kautzer-Bergstrom','265',123),(266,'Reeva','Legros-Runolfsson','266',165),(267,'Prudy','Ernser Group','267',156),(268,'Grace','Miller-Ebert','268',64),(269,'Huey','Kerluke and Sons','269',94),(270,'Ira','Tillman Inc','270',126),(271,'Luigi','Boehm Group','271',2),(272,'Chaddy','Leannon-Ondricka','272',33),(273,'Shirl','Considine LLC','273',166),(274,'Nerti','VonRueden-Hahn','274',90),(275,'Jerad','Conn Inc','275',73),(276,'Olivero','Beahan, Hodkiewicz and Armstrong','276',180),(277,'Clemence','Crooks LLC','277',147),(278,'Barnabe','Jaskolski-Willms','278',88),(279,'Erroll','Kassulke, Hermiston and Rau','279',142),(280,'Kara','Kovacek, Luettgen and Herzog','280',143),(281,'Shay','Armstrong, Wisozk and Huels','281',149),(282,'Joshua','Corwin, Goyette and Dickens','282',112),(283,'Thatcher','Ankunding, Runolfsdottir and Fisher','283',27),(284,'Janenna','Kreiger, Abernathy and Lakin','284',189),(285,'Osgood','Altenwerth, Jenkins and Berge','285',11),(286,'Gilemette','Wilkinson, Romaguera and Larkin','286',142),(287,'Sergio','Schaden LLC','287',31),(288,'Bobbie','Kuhlman Group','288',107),(289,'Ethan','Collins LLC','289',4),(290,'Haley','Gorczany LLC','290',135),(291,'Kleon','Lemke and Sons','291',142),(292,'Angelle','Zemlak-Mertz','292',5),(293,'Nahum','Turner, Crona and Emmerich','293',42),(294,'Jerrie','Jakubowski-Gibson','294',129),(295,'Pablo','D\'Amore-Wolff','295',16),(296,'Mathew','Monahan-Lakin','296',22),(297,'Deloris','Greenfelder-Toy','297',86),(298,'Ware','Bednar-Hodkiewicz','298',68),(299,'Silvano','Sauer Inc','299',138),(300,'Evvy','Conn-Gislason','300',189);
/*!40000 ALTER TABLE `commande` ENABLE KEYS */;
UNLOCK TABLES;

--
-- Table structure for table `gerant`
--

DROP TABLE IF EXISTS `gerant`;
/*!40101 SET @saved_cs_client     = @@character_set_client */;
/*!50503 SET character_set_client = utf8mb4 */;
CREATE TABLE `gerant` (
  `id_gerant` int unsigned NOT NULL AUTO_INCREMENT,
  `nom` varchar(45) NOT NULL,
  `contact` varchar(20) NOT NULL,
  PRIMARY KEY (`id_gerant`),
  UNIQUE KEY `id_panier_UNIQUE` (`id_gerant`)
) ENGINE=InnoDB AUTO_INCREMENT=201 DEFAULT CHARSET=utf8mb4 COLLATE=utf8mb4_0900_ai_ci;
/*!40101 SET character_set_client = @saved_cs_client */;

--
-- Dumping data for table `gerant`
--

LOCK TABLES `gerant` WRITE;
/*!40000 ALTER TABLE `gerant` DISABLE KEYS */;
INSERT INTO `gerant` VALUES (1,'Winslow','6666000'),(2,'Marijn','6666001'),(3,'Mariele','6666002'),(4,'Teena','6666003'),(5,'Gilburt','6666004'),(6,'Janaye','6666005'),(7,'Nolan','6666006'),(8,'Clotilda','6666007'),(9,'Steve','6666008'),(10,'Winslow','6666009'),(11,'Mufi','6666010'),(12,'Jacqueline','6666011'),(13,'Peder','6666012'),(14,'Emmaline','6666013'),(15,'Sky','6666014'),(16,'Hugh','6666015'),(17,'Sara-ann','6666016'),(18,'Gerri','6666017'),(19,'Hamil','6666018'),(20,'Maurizio','6666019'),(21,'Aigneis','6666020'),(22,'Dusty','6666021'),(23,'Flori','6666022'),(24,'Archibald','6666023'),(25,'Basilius','6666024'),(26,'Lazare','6666025'),(27,'Kandace','6666026'),(28,'Jami','6666027'),(29,'Ola','6666028'),(30,'Hester','6666029'),(31,'Cybill','6666030'),(32,'Davina','6666031'),(33,'Trevor','6666032'),(34,'Dante','6666033'),(35,'Elena','6666034'),(36,'Jessee','6666035'),(37,'Marybelle','6666036'),(38,'Farley','6666037'),(39,'Elka','6666038'),(40,'Ellswerth','6666039'),(41,'Micky','6666040'),(42,'Kristin','6666041'),(43,'Evered','6666042'),(44,'Lanny','6666043'),(45,'Lydie','6666044'),(46,'Emylee','6666045'),(47,'Gwynne','6666046'),(48,'Ingmar','6666047'),(49,'Yulma','6666048'),(50,'Kimble','6666049'),(51,'Janina','6666050'),(52,'Miguel','6666051'),(53,'Alejoa','6666052'),(54,'Saundra','6666053'),(55,'Millard','6666054'),(56,'Gail','6666055'),(57,'Dimitry','6666056'),(58,'Corette','6666057'),(59,'Graeme','6666058'),(60,'Gussie','6666059'),(61,'Suzie','6666060'),(62,'Myranda','6666061'),(63,'Virgie','6666062'),(64,'Davey','6666063'),(65,'Hector','6666064'),(66,'Tynan','6666065'),(67,'Wright','6666066'),(68,'Welby','6666067'),(69,'Dore','6666068'),(70,'Nolie','6666069'),(71,'Bobbe','6666070'),(72,'Rutter','6666071'),(73,'Violette','6666072'),(74,'Dorree','6666073'),(75,'Carmencita','6666074'),(76,'Merell','6666075'),(77,'Tiffani','6666076'),(78,'Ford','6666077'),(79,'Corie','6666078'),(80,'Jed','6666079'),(81,'Jerrome','6666080'),(82,'Arleyne','6666081'),(83,'Danna','6666082'),(84,'D\'arcy','6666083'),(85,'Michelina','6666084'),(86,'Bevin','6666085'),(87,'Kenyon','6666086'),(88,'Laney','6666087'),(89,'Coralyn','6666088'),(90,'Peri','6666089'),(91,'Nicolais','6666090'),(92,'Juieta','6666091'),(93,'Merle','6666092'),(94,'Dorene','6666093'),(95,'Christie','6666094'),(96,'Alan','6666095'),(97,'Ev','6666096'),(98,'Northrup','6666097'),(99,'Sharia','6666098'),(100,'Klarrisa','6666099'),(101,'Eden','6666100'),(102,'Leslie','6666101'),(103,'Matty','6666102'),(104,'Linet','6666103'),(105,'Eve','6666104'),(106,'Barbe','6666105'),(107,'Regen','6666106'),(108,'Wheeler','6666107'),(109,'Sofia','6666108'),(110,'Lizzy','6666109'),(111,'Yehudi','6666110'),(112,'Ania','6666111'),(113,'Brodie','6666112'),(114,'Esmaria','6666113'),(115,'Trefor','6666114'),(116,'Thoma','6666115'),(117,'Taffy','6666116'),(118,'Janeva','6666117'),(119,'Kippie','6666118'),(120,'Felecia','6666119'),(121,'Granny','6666120'),(122,'Early','6666121'),(123,'Kiley','6666122'),(124,'Ambur','6666123'),(125,'Lesly','6666124'),(126,'Becky','6666125'),(127,'Jazmin','6666126'),(128,'Staci','6666127'),(129,'Ellissa','6666128'),(130,'Josephine','6666129'),(131,'Clive','6666130'),(132,'Valeria','6666131'),(133,'Dannye','6666132'),(134,'Misty','6666133'),(135,'Gail','6666134'),(136,'Alanna','6666135'),(137,'Elbertine','6666136'),(138,'Luise','6666137'),(139,'Marylinda','6666138'),(140,'Filippo','6666139'),(141,'Ally','6666140'),(142,'Jareb','6666141'),(143,'Welch','6666142'),(144,'Alana','6666143'),(145,'Sofia','6666144'),(146,'Patsy','6666145'),(147,'Corliss','6666146'),(148,'Tomas','6666147'),(149,'Meagan','6666148'),(150,'Chelsae','6666149'),(151,'Julissa','6666150'),(152,'Britta','6666151'),(153,'Finley','6666152'),(154,'Anita','6666153'),(155,'Zsa zsa','6666154'),(156,'Loni','6666155'),(157,'Vinnie','6666156'),(158,'Andreas','6666157'),(159,'Sharleen','6666158'),(160,'Delbert','6666159'),(161,'Demeter','6666160'),(162,'Devin','6666161'),(163,'Noemi','6666162'),(164,'Cole','6666163'),(165,'Ron','6666164'),(166,'Merlina','6666165'),(167,'Weidar','6666166'),(168,'Frasier','6666167'),(169,'Blisse','6666168'),(170,'Sibyl','6666169'),(171,'Adore','6666170'),(172,'Cindie','6666171'),(173,'Eric','6666172'),(174,'Emylee','6666173'),(175,'Zola','6666174'),(176,'Florry','6666175'),(177,'Luca','6666176'),(178,'Gradeigh','6666177'),(179,'Vale','6666178'),(180,'Phillie','6666179'),(181,'Bald','6666180'),(182,'Ezechiel','6666181'),(183,'Galina','6666182'),(184,'Crissy','6666183'),(185,'Merrili','6666184'),(186,'Kaycee','6666185'),(187,'Fernande','6666186'),(188,'Averil','6666187'),(189,'Jaynell','6666188'),(190,'Justus','6666189'),(191,'Lu','6666190'),(192,'Glenda','6666191'),(193,'Maury','6666192'),(194,'Bernie','6666193'),(195,'Korry','6666194'),(196,'Boyce','6666195'),(197,'Herve','6666196'),(198,'Fernande','6666197'),(199,'Bing','6666198'),(200,'Wylie','6666199');
/*!40000 ALTER TABLE `gerant` ENABLE KEYS */;
UNLOCK TABLES;

--
-- Table structure for table `produit`
--

DROP TABLE IF EXISTS `produit`;
/*!40101 SET @saved_cs_client     = @@character_set_client */;
/*!50503 SET character_set_client = utf8mb4 */;
CREATE TABLE `produit` (
  `id_produit` int unsigned NOT NULL AUTO_INCREMENT,
  `nom` varchar(45) NOT NULL,
  `caracteristique` text,
  `prix` varchar(45) NOT NULL,
  PRIMARY KEY (`id_produit`),
  UNIQUE KEY `id_client_UNIQUE` (`id_produit`)
) ENGINE=InnoDB AUTO_INCREMENT=201 DEFAULT CHARSET=utf8mb4 COLLATE=utf8mb4_0900_ai_ci;
/*!40101 SET character_set_client = @saved_cs_client */;

--
-- Dumping data for table `produit`
--

LOCK TABLES `produit` WRITE;
/*!40000 ALTER TABLE `produit` DISABLE KEYS */;
INSERT INTO `produit` VALUES (1,'Mayonnaise','Little Western Bittercress','1000'),(2,'Mayonnaise','Anogeissus','1000'),(3,'Mayonnaise','Grama','1000'),(4,'Mayonnaise','Elmleaf Goldenrod','1000'),(5,'Mayonnaise','Polytrichastrum Moss','1000'),(6,'Mayonnaise','Upland Beardtongue','1000'),(7,'Mayonnaise','Phipps\' Hawthorn','1000'),(8,'Mayonnaise','Leafy Pea','1000'),(9,'Mayonnaise','Burrobrush','1000'),(10,'Mayonnaise','Revolute Hypnum Moss','1000'),(11,'Macedoine','Pacific Lupine','1000'),(12,'Halsy','Snakeherb','1000'),(13,'Sylvan','Laurel Oak','1000'),(14,'Sergei','Lanceleaf Blanketflower','1000'),(15,'Dido','Hygrohypnum Moss','1000'),(16,'Nicola','Roving Sailor','1000'),(17,'Sharla','Myrinia Moss','1000'),(18,'Briney','Creeping Bluestar','1000'),(19,'Andeee','Red Milkweed','1000'),(20,'Pauletta','Heermann\'s Bird\'s-foot Trefoil','1000'),(21,'Nicolle','Modoc Frasera','1000'),(22,'Tammie','Sewer Vine','1000'),(23,'Carma','Little Rose','1000'),(24,'Marsha','Tonglet\'s Cracked Lichen','1000'),(25,'Fromage','Yerba De Zanja','2000'),(26,'Vivi','Diamond-flowers','2000'),(27,'Eolande','Ceylon Gooseberry','2000'),(28,'Gael','Forked Nightshade','2000'),(29,'Jilly','Coastal Plain Spikerush','2000'),(30,'Jule','Avens','2000'),(31,'Waiter','Roundseed Panicgrass','2000'),(32,'Carilyn','Pincushion Beardtongue','2000'),(33,'Isidoro','Burdock Clover','2000'),(34,'Lianna','Jointed Sandmat','2000'),(35,'Selie','Bog Willow','2000'),(36,'Quintilla','Aesandra','2000'),(37,'Kial','Leafy Bladderwort','2000'),(38,'Claudina','Rinodina Lichen','2000'),(39,'Arlin','Greater Showy Stickseed','2000'),(40,'Kalil','Bighead Pygmycudweed','2000'),(41,'Babara','Big Blue Birch','2000'),(42,'Laurice','Erectstem Saltbush','2000'),(43,'Inigo','Twistspine Pricklypear','2000'),(44,'Conn','Ballhead Sandwort','2000'),(45,'Frederique','Dwarfdandelion','2000'),(46,'Thorin','Iris','2000'),(47,'Arte','Downy Alpine Oatgrass','2000'),(48,'Candi','Beard Lichen','2000'),(49,'Dion','Fuller\'s Teasel','2000'),(50,'Waldon','Climbing Fern','2000'),(51,'Gunther','Hollyleaf Gilia','2000'),(52,'Rana','Hybrid Elm','2000'),(53,'Carlynn','Chaparral Pea','2000'),(54,'Ammamaria','Oahu False Ohelo','2000'),(55,'Yankee','Spreading Fanpetals','2000'),(56,'Odele','Littleleaf Silverback','2000'),(57,'Torie','Chinle Saltbush','2000'),(58,'Gib','Wart Lichen','2000'),(59,'Alphonse','Eastwood\'s Bluebells','2000'),(60,'Selma','Winged Sumac','2000'),(61,'Kore','Thurber\'s Fescue','2000'),(62,'Spence','Newberry\'s Twinpod','2000'),(63,'Vera','Pearl Millet','2000'),(64,'Georgette','Creeping St. Johnswort','2000'),(65,'Hyacinthe','Brownbeard Rice','2000'),(66,'Rosa','Eastwood\'s Manzanita','2000'),(67,'Garner','Looseflower Alpine Sedge','2000'),(68,'Wallace','Finestem Needlegrass','2000'),(69,'Lorenza','Hairy Mountain Mahogany','2000'),(70,'Dolph','Dwarf False Pennyroyal','2000'),(71,'Clarine','Blister Sedge','2000'),(72,'Obidiah','Snake River Cryptantha','2000'),(73,'Carrol','Balsam Bird\'s-foot Trefoil','2000'),(74,'Maggee','Lamp Rush','2000'),(75,'Obie','Parish\'s Onion','2000'),(76,'Richie','Dissected Beardtongue','2000'),(77,'Jacqueline','Wreath Lichen','2000'),(78,'Kirsti','California Eryngo','2000'),(79,'Cynthie','Buckbrush','2000'),(80,'Cobby','Pricklypear','2000'),(81,'Marcelia','Hybrid Oak','2000'),(82,'Nap','Erythrina','2000'),(83,'Marve','Amur Maple','2000'),(84,'Del','Peters\' Blackthread Lichen','2000'),(85,'Willa','Entireleaf Spiritweed','2000'),(86,'Kleon','Slenderleaf Clammyweed','2000'),(87,'Barry','Broomstick','2000'),(88,'Blancha','Largepod Pinweed','2000'),(89,'Nerta','Barrens Silky Aster','2000'),(90,'Lindy','Distichium Moss','2000'),(91,'Gris','Lecidea Lichen','2000'),(92,'Tabbitha','Sensitive Partridge Pea','2000'),(93,'Adrian','Desertparsley','2000'),(94,'Lannie','Wonder Violet','2000'),(95,'Miner','Hybrid Oak','2000'),(96,'Annie','Billbergia','2000'),(97,'Bale','Shoestring Fern','2000'),(98,'Sibley','Wright\'s Rosette Grass','2000'),(99,'Bev','Woolly Groundsel','2000'),(100,'My','Capillary Hairsedge','2000'),(101,'Shelby','Miquel\'s Mazus','2000'),(102,'Maurine','Piratebush','2000'),(103,'Evelyn','Western Mountain Kittentails','2000'),(104,'Vilma','Arrowleaf Violet','2000'),(105,'Betta','Nettlespurge','2000'),(106,'Missy','Woolly Angelica','2000'),(107,'Elwyn','Green Caskfruit','2000'),(108,'Kristen','Alpine Dustymaiden','2000'),(109,'Allyce','New Wyoming Xanthoparmelia Lichen','2000'),(110,'Agna','Beruquillo','2000'),(111,'Ondrea','Lemon','2000'),(112,'Roseline','Chinalaurel','2000'),(113,'Davita','Orthotrichum Moss','2000'),(114,'Ursala','Horseflesh Mahogany','2000'),(115,'Stacia','Purple Spikerush','2000'),(116,'Bunnie','Common Twinpod','2000'),(117,'Jarret','Pochote','2000'),(118,'Madeline','Oriental Poppy','2000'),(119,'Dorey','Myelochroa Lichen','2000'),(120,'Riley','Heller\'s Plantain','2000'),(121,'Cindee','Cypselea','2000'),(122,'Lorianna','Green Arrow Arum','2000'),(123,'Claiborne','Shrubby Deervetch','2000'),(124,'Trueman','Purpleflowering Raspberry','2000'),(125,'Vita','Mauna Kea Phyllostegia','2000'),(126,'Aldwin','Venidium','2000'),(127,'Hillard','Traveler\'s Tree','2000'),(128,'Rich','Manna Wattle','2000'),(129,'Aleta','Antilles Dwarf Polypody','2000'),(130,'Kelly','Visher\'s Buckwheat','2000'),(131,'Prinz','Woolgrass','2000'),(132,'Dallis','Asian Melastome','2000'),(133,'Becka','Rocky Mountain Bluebells','2000'),(134,'Upton','Kauai Wormwood','2000'),(135,'Roseanna','Porpidia Lichen','2000'),(136,'Anissa','Rock Lupine','2000'),(137,'Piotr','Wild Leadwort','2000'),(138,'Tabby','Clustered Green Gentian','2000'),(139,'Mayer','Pinto Beardtongue','2000'),(140,'Layne','Bolander\'s Woodreed','2000'),(141,'Rubie','Southern Marsh Yellowcress','2000'),(142,'Care','Suckling Clover','2000'),(143,'Freddie','Heartleaf Goldeneye','2000'),(144,'Evy','Mexican Cancer-root','2000'),(145,'Lynne','Spreading Sandwort','2000'),(146,'Sargent','Nevada Gilia','2000'),(147,'Haroun','Pappose Tarweed','2000'),(148,'Valentia','Mountain Pepperweed','2000'),(149,'Deonne','Ocote Chino','2000'),(150,'Ariel','Quebec Sedge','2000'),(151,'Clayson','Donrichard Moss','2000'),(152,'Rafaellle','Thelenella Lichen','2000'),(153,'Demetra','Pineland Silkgrass','2000'),(154,'Britteny','Greene\'s Goldenbush','2000'),(155,'Sterne','Desert Ceanothus','2000'),(156,'Norby','Carolina Lily','2000'),(157,'Maye','Bear Oak','2000'),(158,'Meyer','Mexican Dock','2000'),(159,'Dag','Birch','2000'),(160,'Zola','Dotted Lichen','2000'),(161,'Miran','Wildrye','2000'),(162,'Cass','Scribbly Gum','2000'),(163,'Juliette','Texas Plains Indian Breadroot','2000'),(164,'Sherman','Spiral Pondweed','2000'),(165,'Randi','Clermontia','2000'),(166,'Gan','Eustis Lake Beardtongue','2000'),(167,'Gusti','Wisconsin Rim Lichen','2000'),(168,'Gianina','Gooseberryleaf Alumroot','2000'),(169,'Rennie','Hawai\'i Cheesewood','2000'),(170,'Decca','Barbula Moss','2000'),(171,'Nils','Singlehead Pussytoes','2000'),(172,'Shaine','Hasse\'s Thelocarpon Lichen','2000'),(173,'Hillie','Curly Dock','2000'),(174,'Benji','Dimpled Troutlily','2000'),(175,'Beaufort','Skunk Cabbage','2000'),(176,'Nalani','Great Basin Desertparsley','2000'),(177,'Claudia','Texasplume','2000'),(178,'Helli','Purplemat','2000'),(179,'Marc','Forked Hareleaf','2000'),(180,'Nell','Soot Lichen','2000'),(181,'Ange','Coneflower','2000'),(182,'Modesta','Silveus\' Grass','2000'),(183,'Baxy','Haplopappus','2000'),(184,'Idalina','Woolly Goat Chicory','2000'),(185,'Miquela','Weak Saxifrage','2000'),(186,'Linn','Bluewings','2000'),(187,'Gwendolin','Wax Currant','2000'),(188,'Carlene','Sugar Quillwort','2000'),(189,'Man','Arrow Thelypody','2000'),(190,'Port','Madagascar Crabgrass','2000'),(191,'Agustin','Golden Spiderflower','2000'),(192,'Taryn','Suksdorf\'s Monkeyflower','2000'),(193,'Cori','Waxflower','2000'),(194,'Harriot','Smallflower Blueberry','2000'),(195,'Sigrid','Chapman\'s Milkwort','2000'),(196,'Shane','Hourglass Peaseed','2000'),(197,'Tobye','Lehua','2000'),(198,'Kettie','Stiffleaf Cheesewood','2000'),(199,'Trudi','Nealley\'s Woollygrass','2000'),(200,'Leonard','Three Peaks Jewelflower','2000');
/*!40000 ALTER TABLE `produit` ENABLE KEYS */;
UNLOCK TABLES;
/*!40103 SET TIME_ZONE=@OLD_TIME_ZONE */;

/*!40101 SET SQL_MODE=@OLD_SQL_MODE */;
/*!40014 SET FOREIGN_KEY_CHECKS=@OLD_FOREIGN_KEY_CHECKS */;
/*!40014 SET UNIQUE_CHECKS=@OLD_UNIQUE_CHECKS */;
/*!40101 SET CHARACTER_SET_CLIENT=@OLD_CHARACTER_SET_CLIENT */;
/*!40101 SET CHARACTER_SET_RESULTS=@OLD_CHARACTER_SET_RESULTS */;
/*!40101 SET COLLATION_CONNECTION=@OLD_COLLATION_CONNECTION */;
/*!40111 SET SQL_NOTES=@OLD_SQL_NOTES */;

-- Dump completed on 2021-12-14 15:34:07
